AD,Param,Mean,SD
close,rmse,0.5775168169901105,0.021007014691521605
close,r_squared,0.5976832404665621,0.03530595000948981
close,nr_predicted,97.28,3.9020664331837804
distant,rmse,0.8000011344858146,0.01140001925331439
distant,r_squared,0.43076249850334697,0.013760244225002004
distant,nr_predicted,380.18,5.378301074594058
all,rmse,0.7600347407663347,0.010012436051675322
all,r_squared,0.4578843023009489,0.012436534083586628
all,nr_predicted,477.46,4.05175698850234
